{
  "version": "V6.2",
  "n_features": 12,
  "n_models": 10,
  "balanced_accuracy": 0.9520716160479938,
  "val_accs": [
    0.7296650409698486,
    0.6722487807273865,
    0.7344497442245483,
    0.720095694065094,
    0.6889951825141907,
    0.7081339359283447,
    0.6889951825141907,
    0.7272726893424988,
    0.7248803377151489,
    0.7296650409698486
  ]
}